Category,Name,Address,Distance
"Arts, Culture & Education",Norton Museum of Art,"1450 S Dixie Hwy, West Palm Beach, FL 33401",33.5
"Arts, Culture & Education",Raymond F. Kravis Center for the Performing Arts,"701 Okeechobee Blvd, West Palm Beach, FL 33401",32.8
Education,The Benjamin School,"11000 Ellison Wilson Rd, North Palm Beach, FL 33408",19.5
Education,The Pine School,"12350 SE Federal Hwy, Hobe Sound, FL 33455",5.2
Local Airports,Indiantown Airport (Private),"20654 SW Citrus Blvd, Indiantown, FL 34956",18.6
Local Airports,North Palm Beach County General Aviation Airport (Private),"11600 Aviation Rd, West Palm Beach, FL 33412",21.5
Local Airports,Palm Beach International Airport (Commercial),"1000 James L Turnage Blvd, West Palm Beach, FL 33415",34
Local Airports,Witham Field Airport (Private),"2011 SE Airport Rd, Stuart, FL 34996",11.2
Local Healthcare Facilities,Cleveland Clinic Martin North Hospital,"200 SE Hospital Ave #2346, Stuart, FL 34994",12.8
Local Healthcare Facilities,Cleveland Clinic Martin North Hospital,"200 SE Hospital Ave #2346, Stuart, FL 34994",12.8
Local Healthcare Facilities,Cleveland Clinic Tradition Hospital,"10000 SW Innovation Way, Port St. Lucie, FL 34987",21.3
Local Healthcare Facilities,Cleveland Clinic Tradition Hospital,"10000 SW Innovation Way, Port St. Lucie, FL 34987",21.3
Local Healthcare Facilities,HCA Florida St. Lucie Hospital,"1800 SE Tiffany Ave, Port St. Lucie, FL 34952",20.4
Local Healthcare Facilities,Jupiter Medical Center,"1210 S Old Dixie Hwy, Jupiter, FL 33458",14.5
Local Healthcare Facilities,Jupiter Medical Center,"1210 S Old Dixie Hwy, Jupiter, FL 33458",14.5
Local Healthcare Facilities,Palm Beach Gardens Medical Center,"3360 Burns Rd, Palm Beach Gardens, FL 33410",22
Markets & Shopping,Hobe Sound Produce + Fish Market,"9875 SE Federal Hwy, Hobe Sound, FL 33455",3.6
Markets & Shopping,Hobe Sound Produce + Fish Market,"9875 SE Federal Hwy, Hobe Sound, FL 33455",3.6
Markets & Shopping,The Marketplace,"8851 SE Bridge Rd, Hobe Sound, FL 33455",4
Markets & Shopping,The Marketplace,"8851 SE Bridge Rd, Hobe Sound, FL 33455",4
"Outdoor, Nature & Recreation",Blowing Rocks Preserve,"574 S Beach Rd, Hobe Sound, FL 33455",11.3
"Outdoor, Nature & Recreation",Calypso Bay Waterpark,"151 Lamstein Ln, Royal Palm Beach, FL 33411",29.2
"Outdoor, Nature & Recreation",Hobe Sound Beach,"Jupiter Island, FL 33455",6.8
"Outdoor, Nature & Recreation",Hobe Sound Beach,"1 S Beach Rd, Hobe Sound, FL 33455",6.8
"Outdoor, Nature & Recreation",Hobe Sound Nature Center,"13640 SE Federal Hwy, Hobe Sound, FL 33455",6.5
"Outdoor, Nature & Recreation",Jonathan Dickinson State Park,"16450 SE Federal Hwy, Hobe Sound, FL 33455",8.1
"Outdoor, Nature & Recreation",Jupiter Inlet Lighthouse & Museum,"500 Captain Armours Wy, Jupiter, FL 33469",14.8
"Outdoor, Nature & Recreation",Lion Country Safari,"2003 Lion Country Safari Rd, Loxahatchee, FL 33470",28.5
"Outdoor, Nature & Recreation",McCarthy's Wildlife Sanctuary,"12943 61st St N, West Palm Beach, FL 33412",21
"Outdoor, Nature & Recreation",New Wave Kiteboarding,"3565 SE St Lucie Blvd, Stuart, FL 34997",10.2
"Outdoor, Nature & Recreation",Palm City Farm Camp,"6907 SW Moore St, Palm City, FL 34990",11.4
"Outdoor, Nature & Recreation",Rapids Waterpark,"6566 N Military Trl, West Palm Beach, FL 33407",24.8
"Outdoor, Nature & Recreation",Shark Wake Park 561,"1440 Eshleman Trail, West Palm Beach, FL 33413",31
"Outdoor, Nature & Recreation",Treasure Coast Wildlife Center,"8626 SW Citrus Blvd S, Palm City, FL 34990",10.8
Restaurants & Dining,Amici's Ristorante + Pizzeria,"9042 SE Bridge Rd, Hobe Sound, FL 33455",3.8
Restaurants & Dining,Catfish House (Permanently Closed),"11500 SE Federal Hwy, Hobe Sound, FL 33455",4.3
Restaurants & Dining,Guanabanas Restaurant,"960 N Hwy A1A, Jupiter, FL 33477",15.2
Restaurants & Dining,Harry and the Natives,"11910 SE Federal Hwy, Hobe Sound, FL 33455",4.7
Restaurants & Dining,Hobe Sound Social + Coffee,"11844 SE Dixie Hwy Ste A, Hobe Sound, FL 33455",4.6
Restaurants & Dining,KORK Restaurant (Permanently Closed),"11970 SE Dixie Hwy, Hobe Sound, FL 33455",4.8
Restaurants & Dining,Manatee Island Bar & Grill,"1640 Seaway Dr, Fort Pierce, FL 34949",32.5
Restaurants & Dining,Old Dixie Cafe North,"11189 SE Federal Hwy, Hobe Sound, FL 33455",4.1
Restaurants & Dining,Scooters Fun Food & Spirits,"8913 SE Bridge Rd, Hobe Sound, FL 33455",3.9
Restaurants & Dining,Sweeties Ice Cream and More,"8781 SE Federal Hwy, Hobe Sound, FL 33455",4.2
Restaurants & Dining,Taste Casual Dining (Permanently Closed),"11550 SE Federal Hwy, Hobe Sound, FL 33455",4.4
Restaurants & Dining,Two Brother's Pizza,"8423 SE Church St, Hobe Sound, FL 33455",4.5